Workbook

Sheet Inputs
A3: Mean daily demand | B3: 120
A4: SD of daily demand | B4: 25
A5: Lead time (days) | B5: 6
A6: Unit cost | B6: 140
A7: Holding cost(per year) | B7: 0.24
A8: Stock-out cost (per unit) | B8: 60
A9: Replenishment cycles per year | B9: 52
A11: Mean lead-time demand | B11: =B3*B5 -> 720
A12: SD of lead-time demand | B12: =B4*SQRT(B5) -> 61.237244

Sheet Simulation
A1: Iteration | B1: Lead-time demand | C1: Demand rounded | E1: Shortage 85% | F1: Shortage 90% | G1: Shortage 95% | H1: Shortage 97.5% | I1: Shortage 99% | J1: Shortage 99.9%
A2: 1 | B2: =_xlfn.NORM.INV(RAND(), Inputs!$B$11, Inputs!$B$12) -> 738.07992 | C2: =ROUND(B2,0) -> 738 | E2: =MAX(0,$B2-Decision!$D$4) -> 0 | F2: =MAX(0,$B2-Decision!$D$5) -> 0 | G2: =MAX(0,$B2-Decision!$D$6) -> 0 | H2: =MAX(0,$B2-Decision!$D$7) -> 0 | I2: =MAX(0,$B2-Decision!$D$8) -> 0 | J2: =MAX(0,$B2-Decision!$D$9) -> 0
A3: =A2+1 -> 2 | B3: =_xlfn.NORM.INV(RAND(), Inputs!$B$11, Inputs!$B$12) -> 670.06192 | C3: =ROUND(B3,0) -> 670 | E3: =MAX(0,$B3-Decision!$D$4) -> 0 | F3: =MAX(0,$B3-Decision!$D$5) -> 0 | G3: =MAX(0,$B3-Decision!$D$6) -> 0 | H3: =MAX(0,$B3-Decision!$D$7) -> 0 | I3: =MAX(0,$B3-Decision!$D$8) -> 0 | J3: =MAX(0,$B3-Decision!$D$9) -> 0
A4: =A3+1 -> 3 | B4: =_xlfn.NORM.INV(RAND(), Inputs!$B$11, Inputs!$B$12) -> 791.77325 | C4: =ROUND(B4,0) -> 792 | E4: =MAX(0,$B4-Decision!$D$4) -> 8.7732499 | F4: =MAX(0,$B4-Decision!$D$5) -> 0 | G4: =MAX(0,$B4-Decision!$D$6) -> 0 | H4: =MAX(0,$B4-Decision!$D$7) -> 0 | I4: =MAX(0,$B4-Decision!$D$8) -> 0 | J4: =MAX(0,$B4-Decision!$D$9) -> 0
A5: =A4+1 -> 4 | B5: =_xlfn.NORM.INV(RAND(), Inputs!$B$11, Inputs!$B$12) -> 750.36888 | C5: =ROUND(B5,0) -> 750 | E5: =MAX(0,$B5-Decision!$D$4) -> 0 | F5: =MAX(0,$B5-Decision!$D$5) -> 0 | G5: =MAX(0,$B5-Decision!$D$6) -> 0 | H5: =MAX(0,$B5-Decision!$D$7) -> 0 | I5: =MAX(0,$B5-Decision!$D$8) -> 0 | J5: =MAX(0,$B5-Decision!$D$9) -> 0
A6: =A5+1 -> 5 | B6: =_xlfn.NORM.INV(RAND(), Inputs!$B$11, Inputs!$B$12) -> 729.97127 | C6: =ROUND(B6,0) -> 730 | E6: =MAX(0,$B6-Decision!$D$4) -> 0 | F6: =MAX(0,$B6-Decision!$D$5) -> 0 | G6: =MAX(0,$B6-Decision!$D$6) -> 0 | H6: =MAX(0,$B6-Decision!$D$7) -> 0 | I6: =MAX(0,$B6-Decision!$D$8) -> 0 | J6: =MAX(0,$B6-Decision!$D$9) -> 0
A7: =A6+1 -> 6 | B7: =_xlfn.NORM.INV(RAND(), Inputs!$B$11, Inputs!$B$12) -> 790.38279 | C7: =ROUND(B7,0) -> 790 | E7: =MAX(0,$B7-Decision!$D$4) -> 7.382792 | F7: =MAX(0,$B7-Decision!$D$5) -> 0 | G7: =MAX(0,$B7-Decision!$D$6) -> 0 | H7: =MAX(0,$B7-Decision!$D$7) -> 0 | I7: =MAX(0,$B7-Decision!$D$8) -> 0 | J7: =MAX(0,$B7-Decision!$D$9) -> 0
A8: =A7+1 -> 7 | B8: =_xlfn.NORM.INV(RAND(), Inputs!$B$11, Inputs!$B$12) -> 715.43841 | C8: =ROUND(B8,0) -> 715 | E8: =MAX(0,$B8-Decision!$D$4) -> 0 | F8: =MAX(0,$B8-Decision!$D$5) -> 0 | G8: =MAX(0,$B8-Decision!$D$6) -> 0 | H8: =MAX(0,$B8-Decision!$D$7) -> 0 | I8: =MAX(0,$B8-Decision!$D$8) -> 0 | J8: =MAX(0,$B8-Decision!$D$9) -> 0
A9: =A8+1 -> 8 | B9: =_xlfn.NORM.INV(RAND(), Inputs!$B$11, Inputs!$B$12) -> 716.32286 | C9: =ROUND(B9,0) -> 716 | E9: =MAX(0,$B9-Decision!$D$4) -> 0 | F9: =MAX(0,$B9-Decision!$D$5) -> 0 | G9: =MAX(0,$B9-Decision!$D$6) -> 0 | H9: =MAX(0,$B9-Decision!$D$7) -> 0 | I9: =MAX(0,$B9-Decision!$D$8) -> 0 | J9: =MAX(0,$B9-Decision!$D$9) -> 0
A10: =A9+1 -> 9 | B10: =_xlfn.NORM.INV(RAND(), Inputs!$B$11, Inputs!$B$12) -> 813.4286 | C10: =ROUND(B10,0) -> 813 | E10: =MAX(0,$B10-Decision!$D$4) -> 30.428596 | F10: =MAX(0,$B10-Decision!$D$5) -> 15.428596 | G10: =MAX(0,$B10-Decision!$D$6) -> 0 | H10: =MAX(0,$B10-Decision!$D$7) -> 0 | I10: =MAX(0,$B10-Decision!$D$8) -> 0 | J10: =MAX(0,$B10-Decision!$D$9) -> 0
A11: =A10+1 -> 10 | B11: =_xlfn.NORM.INV(RAND(), Inputs!$B$11, Inputs!$B$12) -> 762.37712 | C11: =ROUND(B11,0) -> 762 | E11: =MAX(0,$B11-Decision!$D$4) -> 0 | F11: =MAX(0,$B11-Decision!$D$5) -> 0 | G11: =MAX(0,$B11-Decision!$D$6) -> 0 | H11: =MAX(0,$B11-Decision!$D$7) -> 0 | I11: =MAX(0,$B11-Decision!$D$8) -> 0 | J11: =MAX(0,$B11-Decision!$D$9) -> 0
A12: =A11+1 -> 11 | B12: =_xlfn.NORM.INV(RAND(), Inputs!$B$11, Inputs!$B$12) -> 746.2266 | C12: =ROUND(B12,0) -> 746 | E12: =MAX(0,$B12-Decision!$D$4) -> 0 | F12: =MAX(0,$B12-Decision!$D$5) -> 0 | G12: =MAX(0,$B12-Decision!$D$6) -> 0 | H12: =MAX(0,$B12-Decision!$D$7) -> 0 | I12: =MAX(0,$B12-Decision!$D$8) -> 0 | J12: =MAX(0,$B12-Decision!$D$9) -> 0
A13: =A12+1 -> 12 | B13: =_xlfn.NORM.INV(RAND(), Inputs!$B$11, Inputs!$B$12) -> 772.11332 | C13: =ROUND(B13,0) -> 772 | E13: =MAX(0,$B13-Decision!$D$4) -> 0 | F13: =MAX(0,$B13-Decision!$D$5) -> 0 | G13: =MAX(0,$B13-Decision!$D$6) -> 0 | H13: =MAX(0,$B13-Decision!$D$7) -> 0 | I13: =MAX(0,$B13-Decision!$D$8) -> 0 | J13: =MAX(0,$B13-Decision!$D$9) -> 0
A14: =A13+1 -> 13 | B14: =_xlfn.NORM.INV(RAND(), Inputs!$B$11, Inputs!$B$12) -> 729.34439 | C14: =ROUND(B14,0) -> 729 | E14: =MAX(0,$B14-Decision!$D$4) -> 0 | F14: =MAX(0,$B14-Decision!$D$5) -> 0 | G14: =MAX(0,$B14-Decision!$D$6) -> 0 | H14: =MAX(0,$B14-Decision!$D$7) -> 0 | I14: =MAX(0,$B14-Decision!$D$8) -> 0 | J14: =MAX(0,$B14-Decision!$D$9) -> 0
... A10001: =A10000+1 -> 10000 | B10001: =_xlfn.NORM.INV(RAND(), Inputs!$B$11, Inputs!$B$12) -> 621.33364 | C10001: =ROUND(B10001,0) -> 621 | E10001: =MAX(0,$B10001-Decision!$D$4) -> 0 | F10001: =MAX(0,$B10001-Decision!$D$5) -> 0 | G10001: =MAX(0,$B10001-Decision!$D$6) -> 0 | H10001: =MAX(0,$B10001-Decision!$D$7) -> 0 | I10001: =MAX(0,$B10001-Decision!$D$8) -> 0 | J10001: =MAX(0,$B10001-Decision!$D$9) -> 0

Sheet Analysis
A3: Statistic | B3: Value | D3: Bin | E3: Count
A4: Mean | B4: =AVERAGE(Simulation!B2:B10001) -> 720.19457 | D4: 500 | E4: =COUNTIFS(Simulation!$B$2:$B$10001,"<="&D4) -> 1
A5: SD | B5: =_xlfn.STDEV.S(Simulation!B2:B10001) -> 62.122896 | D5: 525 | E5: =COUNTIFS(Simulation!$B$2:$B$10001,">"&D4,Simulation!$B$2:$B$10001,"<="&D5) -> 5
A6: Min | B6: =MIN(Simulation!B2:B10001) -> 487.71516 | D6: 550 | E6: =COUNTIFS(Simulation!$B$2:$B$10001,">"&D5,Simulation!$B$2:$B$10001,"<="&D6) -> 14
A7: Max | B7: =MAX(Simulation!B2:B10001) -> 925.42458 | D7: 575 | E7: =COUNTIFS(Simulation!$B$2:$B$10001,">"&D6,Simulation!$B$2:$B$10001,"<="&D7) -> 73
A8: Median | B8: =MEDIAN(Simulation!B2:B10001) -> 719.856 | D8: 600 | E8: =COUNTIFS(Simulation!$B$2:$B$10001,">"&D7,Simulation!$B$2:$B$10001,"<="&D8) -> 177
D9: 625 | E9: =COUNTIFS(Simulation!$B$2:$B$10001,">"&D8,Simulation!$B$2:$B$10001,"<="&D9) -> 363
A10: Percentile | B10: Lead-time demand | D10: 650 | E10: =COUNTIFS(Simulation!$B$2:$B$10001,">"&D9,Simulation!$B$2:$B$10001,"<="&D10) -> 663
A11: 0.5 | B11: =_xlfn.PERCENTILE.INC(Simulation!$B$2:$B$10001,A11) -> 719.856 | D11: 675 | E11: =COUNTIFS(Simulation!$B$2:$B$10001,">"&D10,Simulation!$B$2:$B$10001,"<="&D11) -> 1026
A12: 0.8 | B12: =_xlfn.PERCENTILE.INC(Simulation!$B$2:$B$10001,A12) -> 772.41263 | D12: 700 | E12: =COUNTIFS(Simulation!$B$2:$B$10001,">"&D11,Simulation!$B$2:$B$10001,"<="&D12) -> 1412
A13: 0.9 | B13: =_xlfn.PERCENTILE.INC(Simulation!$B$2:$B$10001,A13) -> 800.32883 | D13: 725 | E13: =COUNTIFS(Simulation!$B$2:$B$10001,">"&D12,Simulation!$B$2:$B$10001,"<="&D13) -> 1618
A14: 0.95 | B14: =_xlfn.PERCENTILE.INC(Simulation!$B$2:$B$10001,A14) -> 824.60975 | D14: 750 | E14: =COUNTIFS(Simulation!$B$2:$B$10001,">"&D13,Simulation!$B$2:$B$10001,"<="&D14) -> 1496
A15: 0.975 | B15: =_xlfn.PERCENTILE.INC(Simulation!$B$2:$B$10001,A15) -> 842.48961 | D15: 775 | E15: =COUNTIFS(Simulation!$B$2:$B$10001,">"&D14,Simulation!$B$2:$B$10001,"<="&D15) -> 1266
A16: 0.99 | B16: =_xlfn.PERCENTILE.INC(Simulation!$B$2:$B$10001,A16) -> 862.25604 | D16: 800 | E16: =COUNTIFS(Simulation!$B$2:$B$10001,">"&D15,Simulation!$B$2:$B$10001,"<="&D16) -> 875
D17: 825 | E17: =COUNTIFS(Simulation!$B$2:$B$10001,">"&D16,Simulation!$B$2:$B$10001,"<="&D17) -> 520
D18: 850 | E18: =COUNTIFS(Simulation!$B$2:$B$10001,">"&D17,Simulation!$B$2:$B$10001,"<="&D18) -> 311
D19: 875 | E19: =COUNTIFS(Simulation!$B$2:$B$10001,">"&D18,Simulation!$B$2:$B$10001,"<="&D19) -> 124
D20: 900 | E20: =COUNTIFS(Simulation!$B$2:$B$10001,">"&D19,Simulation!$B$2:$B$10001,"<="&D20) -> 43
D21: 925 | E21: =COUNTIFS(Simulation!$B$2:$B$10001,">"&D20,Simulation!$B$2:$B$10001,"<="&D21) -> 12
D22: 950 | E22: =COUNTIFS(Simulation!$B$2:$B$10001,">"&D21,Simulation!$B$2:$B$10001,"<="&D22) -> 1

Sheet Decision
A3: Service level | B3: z | C3: Safety stock | D3: Reorder point | E3: Safety stock (simulation) | F3: Holding cost/yr | G3: Expected shortage/cycle | H3: Stock-out cost/yr | I3: Total cost/yr
A4: 0.85 | B4: =_xlfn.NORM.S.INV(A4) -> 1.0364334 | C4: =ROUND(B4*Inputs!$B$12,0) -> 63 | D4: =Inputs!$B$11+C4 -> 783 | E4: =ROUND(_xlfn.PERCENTILE.INC(Simulation!$B$2:$B$10001,A4)-Inputs!$B$11,0) -> 65 | F4: =C4*Inputs!$B$6*Inputs!$B$7 -> 2116.8 | G4: =AVERAGE(Simulation!E2:E10001) -> 5.1605551 | H4: =G4*Inputs!$B$9*Inputs!$B$8 -> 16100.932 | I4: =F4+H4 -> 18217.732
A5: 0.9 | B5: =_xlfn.NORM.S.INV(A5) -> 1.2815516 | C5: =ROUND(B5*Inputs!$B$12,0) -> 78 | D5: =Inputs!$B$11+C5 -> 798 | E5: =ROUND(_xlfn.PERCENTILE.INC(Simulation!$B$2:$B$10001,A5)-Inputs!$B$11,0) -> 80 | F5: =C5*Inputs!$B$6*Inputs!$B$7 -> 2620.8 | G5: =AVERAGE(Simulation!F$2:F$10001) -> 3.1768574 | H5: =G5*Inputs!$B$9*Inputs!$B$8 -> 9911.7951 | I5: =F5+H5 -> 12532.595
A6: 0.95 | B6: =_xlfn.NORM.S.INV(A6) -> 1.6448536 | C6: =ROUND(B6*Inputs!$B$12,0) -> 101 | D6: =Inputs!$B$11+C6 -> 821 | E6: =ROUND(_xlfn.PERCENTILE.INC(Simulation!$B$2:$B$10001,A6)-Inputs!$B$11,0) -> 105 | F6: =C6*Inputs!$B$6*Inputs!$B$7 -> 3393.6 | G6: =AVERAGE(Simulation!G$2:G$10001) -> 1.351893 | H6: =G6*Inputs!$B$9*Inputs!$B$8 -> 4217.906 | I6: =F6+H6 -> 7611.506
A7: 0.975 | B7: =_xlfn.NORM.S.INV(A7) -> 1.959964 | C7: =ROUND(B7*Inputs!$B$12,0) -> 120 | D7: =Inputs!$B$11+C7 -> 840 | E7: =ROUND(_xlfn.PERCENTILE.INC(Simulation!$B$2:$B$10001,A7)-Inputs!$B$11,0) -> 122 | F7: =C7*Inputs!$B$6*Inputs!$B$7 -> 4032 | G7: =AVERAGE(Simulation!H$2:H$10001) -> 0.58130481 | H7: =G7*Inputs!$B$9*Inputs!$B$8 -> 1813.671 | I7: =F7+H7 -> 5845.671
A8: 0.99 | B8: =_xlfn.NORM.S.INV(A8) -> 2.3263479 | C8: =ROUND(B8*Inputs!$B$12,0) -> 142 | D8: =Inputs!$B$11+C8 -> 862 | E8: =ROUND(_xlfn.PERCENTILE.INC(Simulation!$B$2:$B$10001,A8)-Inputs!$B$11,0) -> 142 | F8: =C8*Inputs!$B$6*Inputs!$B$7 -> 4771.2 | G8: =AVERAGE(Simulation!I$2:I$10001) -> 0.19414218 | H8: =G8*Inputs!$B$9*Inputs!$B$8 -> 605.72359 | I8: =F8+H8 -> 5376.9236
A9: 0.999 | B9: =_xlfn.NORM.S.INV(A9) -> 3.0902323 | C9: =ROUND(B9*Inputs!$B$12,0) -> 189 | D9: =Inputs!$B$11+C9 -> 909 | E9: =ROUND(_xlfn.PERCENTILE.INC(Simulation!$B$2:$B$10001,A9)-Inputs!$B$11,0) -> 184 | F9: =C9*Inputs!$B$6*Inputs!$B$7 -> 6350.4 | G9: =AVERAGE(Simulation!J$2:J$10001) -> 0.0073180945 | H9: =G9*Inputs!$B$9*Inputs!$B$8 -> 22.832455 | I9: =F9+H9 -> 6373.2325

Sheet Dashboard
A1: Monte Carlo Safety Stock Dashboard — 1L Sunflower Oil, Bengaluru Distributor
A2: Recommended service level | B2: =Decision!A8 -> 0.99
A3: Safety stock | B3: =Decision!C8 -> 142
A4: Reorder point | B4: =Decision!D8 -> 862
A5: Expected shortage/cycle | B5: =Decision!G8 -> 0.19414218
A6: Total cost/yr at 99% | B6: =Decision!I8 -> 5376.9236
A7: Total cost/yr at 95% | B7: =Decision!I6 -> 7611.506
A8: Annual saving vs 95% | B8: =B7-B6 -> 2234.5825
A10: What we assumed
A11: Average sales per day | B11: =Inputs!B3 -> 120
A12: Sales go up and down by (daily change) | B12: =Inputs!B4 -> 25
A13: Days we wait for new stock | B13: =Inputs!B5 -> 6
A14: Cost of one bottle | B14: =Inputs!B6 -> 140
A15: Cost of storing stock for one year | B15: =Inputs!B7 -> 0.24
A16: Loss when one bottle is out of stock | B16: =Inputs!B8 -> 60
A17: Times we order in one year | B17: =Inputs!B9 -> 52
